entity_id,state,last_changed
sensor.mainesp_roomtemp,23.3125,2026-02-21T14:11:20.924Z
sensor.mainesp_roomtemp,23.25,2026-02-21T14:11:48.290Z
sensor.mainesp_roomtemp,23.1875,2026-02-21T14:12:18.297Z
sensor.mainesp_roomtemp,23.125,2026-02-21T14:12:48.289Z
sensor.mainesp_roomtemp,23.0625,2026-02-21T14:14:18.311Z
sensor.mainesp_roomtemp,23.125,2026-02-21T14:14:48.298Z
sensor.mainesp_roomtemp,23.1875,2026-02-21T14:15:18.312Z
sensor.mainesp_roomtemp,23.25,2026-02-21T14:15:48.318Z
sensor.mainesp_roomtemp,23.375,2026-02-21T14:16:48.321Z
sensor.mainesp_roomtemp,23.5,2026-02-21T14:17:18.323Z
sensor.mainesp_roomtemp,23.375,2026-02-21T14:18:18.331Z
sensor.mainesp_roomtemp,23.3125,2026-02-21T14:18:48.333Z
sensor.mainesp_roomtemp,23.375,2026-02-21T14:19:48.331Z
sensor.mainesp_roomtemp,23.4375,2026-02-21T14:20:18.334Z
sensor.mainesp_roomtemp,23.5,2026-02-21T14:20:48.338Z
sensor.mainesp_roomtemp,23.4375,2026-02-21T14:21:48.340Z
sensor.mainesp_roomtemp,23.3125,2026-02-21T14:22:18.345Z
sensor.mainesp_roomtemp,23.375,2026-02-21T14:23:48.356Z
sensor.mainesp_roomtemp,23.5625,2026-02-21T14:24:48.354Z
sensor.mainesp_roomtemp,23.5,2026-02-21T14:25:48.358Z
sensor.mainesp_roomtemp,23.5625,2026-02-21T14:26:18.361Z
sensor.mainesp_roomtemp,23.6875,2026-02-21T14:26:48.366Z
sensor.mainesp_roomtemp,23.75,2026-02-21T14:27:18.378Z
sensor.mainesp_roomtemp,23.875,2026-02-21T14:27:48.372Z
sensor.mainesp_roomtemp,23.9375,2026-02-21T14:28:48.377Z
sensor.mainesp_roomtemp,24.0,2026-02-21T14:29:48.378Z
sensor.mainesp_roomtemp,24.0625,2026-02-21T14:30:48.386Z
sensor.mainesp_roomtemp,24.125,2026-02-21T14:31:48.391Z
sensor.mainesp_roomtemp,24.1875,2026-02-21T14:32:48.395Z
sensor.mainesp_roomtemp,24.25,2026-02-21T14:34:48.403Z
sensor.mainesp_roomtemp,24.1875,2026-02-21T14:36:18.409Z
sensor.mainesp_roomtemp,24.25,2026-02-21T14:36:48.413Z
sensor.mainesp_roomtemp,24.3125,2026-02-21T14:39:48.424Z
sensor.mainesp_roomtemp,24.375,2026-02-21T14:44:18.446Z
sensor.mainesp_roomtemp,24.4375,2026-02-21T14:48:48.474Z
sensor.mainesp_roomtemp,24.375,2026-02-21T14:52:48.489Z
sensor.mainesp_roomtemp,24.4375,2026-02-21T14:53:18.492Z
sensor.mainesp_roomtemp,24.375,2026-02-21T14:57:18.500Z
sensor.mainesp_roomtemp,24.4375,2026-02-21T14:58:18.504Z
sensor.mainesp_roomtemp,24.375,2026-02-21T14:59:48.515Z
sensor.mainesp_roomtemp,24.4375,2026-02-21T15:00:18.513Z
sensor.mainesp_roomtemp,24.5,2026-02-21T15:01:48.521Z
sensor.mainesp_roomtemp,24.5625,2026-02-21T15:05:18.538Z
sensor.mainesp_roomtemp,24.625,2026-02-21T15:05:48.547Z
sensor.mainesp_roomtemp,24.6875,2026-02-21T15:06:18.549Z
sensor.mainesp_roomtemp,24.75,2026-02-21T15:10:18.563Z
sensor.mainesp_roomtemp,24.8125,2026-02-21T15:10:48.566Z
sensor.mainesp_roomtemp,24.75,2026-02-21T15:11:18.566Z
sensor.mainesp_roomtemp,24.625,2026-02-21T15:13:18.579Z
sensor.mainesp_roomtemp,24.5,2026-02-21T15:13:48.585Z
sensor.mainesp_roomtemp,24.4375,2026-02-21T15:14:18.584Z
sensor.mainesp_roomtemp,24.375,2026-02-21T15:15:18.595Z
sensor.mainesp_roomtemp,24.3125,2026-02-21T15:15:48.602Z
sensor.mainesp_roomtemp,24.25,2026-02-21T15:16:18.596Z
sensor.mainesp_roomtemp,24.0625,2026-02-21T15:16:48.589Z
sensor.mainesp_roomtemp,24.0,2026-02-21T15:17:18.598Z
sensor.mainesp_roomtemp,23.875,2026-02-21T15:17:48.594Z
sensor.mainesp_roomtemp,23.8125,2026-02-21T15:18:18.601Z
sensor.mainesp_roomtemp,23.875,2026-02-21T15:19:18.611Z
sensor.mainesp_roomtemp,23.9375,2026-02-21T15:19:48.617Z
sensor.mainesp_roomtemp,23.875,2026-02-21T15:20:48.623Z
sensor.mainesp_roomtemp,23.9375,2026-02-21T15:21:48.621Z
sensor.mainesp_roomtemp,23.875,2026-02-21T15:22:18.624Z
sensor.mainesp_roomtemp,23.9375,2026-02-21T15:23:48.632Z
sensor.mainesp_roomtemp,24.0,2026-02-21T15:25:18.642Z
sensor.mainesp_roomtemp,23.9375,2026-02-21T15:25:48.645Z
sensor.mainesp_roomtemp,24.0,2026-02-21T15:26:18.639Z
sensor.mainesp_roomtemp,23.9375,2026-02-21T15:26:48.644Z
sensor.mainesp_roomtemp,24.0625,2026-02-21T15:27:18.644Z
sensor.mainesp_roomtemp,24.0,2026-02-21T15:27:48.647Z
sensor.mainesp_roomtemp,24.0625,2026-02-21T15:29:18.660Z
sensor.mainesp_roomtemp,24.0,2026-02-21T15:30:18.661Z
sensor.mainesp_roomtemp,23.9375,2026-02-21T15:31:18.666Z
sensor.mainesp_roomtemp,24.0,2026-02-21T15:31:48.654Z
sensor.mainesp_roomtemp,23.9375,2026-02-21T15:32:18.672Z
sensor.mainesp_roomtemp,23.875,2026-02-21T15:33:18.668Z
sensor.mainesp_roomtemp,23.9375,2026-02-21T15:34:18.672Z
sensor.mainesp_roomtemp,23.875,2026-02-21T15:35:18.685Z
sensor.mainesp_roomtemp,23.8125,2026-02-21T15:35:48.687Z
sensor.mainesp_roomtemp,23.6875,2026-02-21T15:36:18.682Z
sensor.mainesp_roomtemp,23.625,2026-02-21T15:36:48.685Z
sensor.mainesp_roomtemp,23.5625,2026-02-21T15:37:18.689Z
sensor.mainesp_roomtemp,23.5,2026-02-21T15:37:48.697Z
sensor.mainesp_roomtemp,23.5625,2026-02-21T15:38:18.691Z
sensor.mainesp_roomtemp,23.625,2026-02-21T15:38:48.691Z
sensor.mainesp_roomtemp,23.6875,2026-02-21T15:40:18.705Z
sensor.mainesp_roomtemp,23.75,2026-02-21T15:40:48.699Z
sensor.mainesp_roomtemp,23.8125,2026-02-21T15:42:18.711Z
sensor.mainesp_roomtemp,23.875,2026-02-21T15:43:18.706Z
sensor.mainesp_roomtemp,23.8125,2026-02-21T15:43:48.709Z
sensor.mainesp_roomtemp,23.75,2026-02-21T15:45:18.716Z
sensor.mainesp_roomtemp,23.6875,2026-02-21T15:49:18.738Z
sensor.mainesp_roomtemp,23.625,2026-02-21T15:52:18.754Z
sensor.mainesp_roomtemp,23.5625,2026-02-21T15:52:48.758Z
sensor.mainesp_roomtemp,23.5,2026-02-21T15:53:18.750Z
sensor.mainesp_roomtemp,23.4375,2026-02-21T15:55:48.768Z
sensor.mainesp_roomtemp,23.5,2026-02-21T15:56:18.762Z
sensor.mainesp_roomtemp,23.5625,2026-02-21T15:56:48.760Z
sensor.mainesp_roomtemp,23.625,2026-02-21T15:57:18.774Z
sensor.mainesp_roomtemp,23.5,2026-02-21T15:58:18.773Z
sensor.mainesp_roomtemp,23.4375,2026-02-21T15:59:18.782Z
sensor.mainesp_roomtemp,23.5,2026-02-21T16:00:18.788Z
sensor.mainesp_roomtemp,23.5625,2026-02-21T16:01:18.801Z
sensor.mainesp_roomtemp,23.5,2026-02-21T16:01:48.803Z
sensor.mainesp_roomtemp,23.5625,2026-02-21T16:03:18.806Z
sensor.mainesp_roomtemp,23.625,2026-02-21T16:05:18.819Z
sensor.mainesp_roomtemp,23.5625,2026-02-21T16:05:48.825Z
sensor.mainesp_roomtemp,23.5,2026-02-21T16:08:48.830Z
sensor.mainesp_roomtemp,23.375,2026-02-21T16:11:48.855Z
sensor.mainesp_roomtemp,23.25,2026-02-21T16:12:48.859Z
sensor.mainesp_roomtemp,23.125,2026-02-21T16:13:18.859Z
sensor.mainesp_roomtemp,23.1875,2026-02-21T16:13:48.868Z
sensor.mainesp_roomtemp,23.125,2026-02-21T16:14:18.874Z
sensor.mainesp_roomtemp,23.1875,2026-02-21T16:14:48.873Z
sensor.mainesp_roomtemp,23.125,2026-02-21T16:15:18.867Z
sensor.mainesp_roomtemp,23.1875,2026-02-21T16:16:18.874Z
sensor.mainesp_roomtemp,23.25,2026-02-21T16:16:48.878Z
sensor.mainesp_roomtemp,23.3125,2026-02-21T16:18:18.884Z
sensor.mainesp_roomtemp,23.375,2026-02-21T16:19:18.896Z
sensor.mainesp_roomtemp,23.4375,2026-02-21T16:21:18.910Z
sensor.mainesp_roomtemp,23.375,2026-02-21T16:21:48.903Z
sensor.mainesp_roomtemp,23.4375,2026-02-21T16:22:18.902Z
sensor.mainesp_roomtemp,23.3125,2026-02-21T16:24:48.905Z
sensor.mainesp_roomtemp,23.25,2026-02-21T16:25:18.915Z
sensor.mainesp_roomtemp,23.1875,2026-02-21T16:26:48.928Z
sensor.mainesp_roomtemp,23.125,2026-02-21T16:27:18.925Z
sensor.mainesp_roomtemp,23.1875,2026-02-21T16:28:18.934Z
sensor.mainesp_roomtemp,23.125,2026-02-21T16:28:48.935Z
sensor.mainesp_roomtemp,23.0,2026-02-21T16:29:18.938Z
sensor.mainesp_roomtemp,22.9375,2026-02-21T16:29:48.938Z
sensor.mainesp_roomtemp,22.875,2026-02-21T16:30:18.937Z
sensor.mainesp_roomtemp,22.75,2026-02-21T16:31:48.947Z
sensor.mainesp_roomtemp,22.8125,2026-02-21T16:32:18.954Z
sensor.mainesp_roomtemp,22.75,2026-02-21T16:32:48.956Z
sensor.mainesp_roomtemp,22.6875,2026-02-21T16:33:18.951Z
sensor.mainesp_roomtemp,22.75,2026-02-21T16:35:18.960Z
sensor.mainesp_roomtemp,22.6875,2026-02-21T16:36:18.968Z
sensor.mainesp_roomtemp,22.625,2026-02-21T16:37:18.969Z
sensor.mainesp_roomtemp,22.6875,2026-02-21T16:38:18.974Z
sensor.mainesp_roomtemp,22.625,2026-02-21T16:38:48.971Z
sensor.mainesp_roomtemp,22.6875,2026-02-21T16:39:48.987Z
sensor.mainesp_roomtemp,22.625,2026-02-21T16:40:18.986Z
sensor.mainesp_roomtemp,22.6875,2026-02-21T16:41:18.999Z
sensor.mainesp_roomtemp,22.625,2026-02-21T16:41:48.994Z
sensor.mainesp_roomtemp,22.5625,2026-02-21T16:42:48.999Z
sensor.mainesp_roomtemp,22.625,2026-02-21T16:44:19.010Z
sensor.mainesp_roomtemp,22.6875,2026-02-21T16:45:19.009Z
sensor.mainesp_roomtemp,22.625,2026-02-21T16:46:19.012Z
sensor.mainesp_roomtemp,22.6875,2026-02-21T16:46:49.006Z
sensor.mainesp_roomtemp,22.625,2026-02-21T16:47:19.022Z
sensor.mainesp_roomtemp,22.5625,2026-02-21T16:47:49.017Z
sensor.mainesp_roomtemp,22.625,2026-02-21T16:48:19.017Z
sensor.mainesp_roomtemp,22.5625,2026-02-21T16:49:49.027Z
sensor.mainesp_roomtemp,22.5,2026-02-21T16:52:19.039Z
sensor.mainesp_roomtemp,22.5625,2026-02-21T16:54:19.047Z
sensor.mainesp_roomtemp,22.5,2026-02-21T16:54:49.058Z
sensor.mainesp_roomtemp,22.4375,2026-02-21T16:55:19.054Z
sensor.mainesp_roomtemp,22.375,2026-02-21T16:55:49.061Z
sensor.mainesp_roomtemp,22.4375,2026-02-21T16:56:19.065Z
sensor.mainesp_roomtemp,22.375,2026-02-21T16:56:49.063Z
sensor.mainesp_roomtemp,22.4375,2026-02-21T16:57:19.070Z
sensor.mainesp_roomtemp,22.375,2026-02-21T16:57:49.067Z
sensor.mainesp_roomtemp,22.4375,2026-02-21T16:58:49.078Z
sensor.mainesp_roomtemp,22.375,2026-02-21T16:59:19.077Z
sensor.mainesp_roomtemp,22.4375,2026-02-21T17:00:19.075Z
sensor.mainesp_roomtemp,22.375,2026-02-21T17:00:49.083Z
sensor.mainesp_roomtemp,22.3125,2026-02-21T17:01:49.086Z
sensor.mainesp_roomtemp,22.25,2026-02-21T17:02:19.083Z
sensor.mainesp_roomtemp,22.1875,2026-02-21T17:03:19.088Z
sensor.mainesp_roomtemp,22.25,2026-02-21T17:03:49.092Z
sensor.mainesp_roomtemp,22.1875,2026-02-21T17:04:19.098Z
sensor.mainesp_roomtemp,22.125,2026-02-21T17:05:19.098Z
sensor.mainesp_roomtemp,22.0625,2026-02-21T17:06:49.103Z
sensor.mainesp_roomtemp,22.0,2026-02-21T17:08:49.111Z
sensor.mainesp_roomtemp,22.0625,2026-02-21T17:09:49.121Z
sensor.mainesp_roomtemp,22.0,2026-02-21T17:10:19.118Z
sensor.mainesp_roomtemp,22.0625,2026-02-21T17:10:49.120Z
sensor.mainesp_roomtemp,22.0,2026-02-21T17:12:19.127Z
sensor.mainesp_roomtemp,22.0625,2026-02-21T17:12:49.126Z
sensor.mainesp_roomtemp,22.0,2026-02-21T17:14:19.137Z
sensor.mainesp_roomtemp,21.9375,2026-02-21T17:15:19.140Z
sensor.mainesp_roomtemp,21.8125,2026-02-21T17:15:49.136Z
sensor.mainesp_roomtemp,21.875,2026-02-21T17:16:49.151Z
sensor.mainesp_roomtemp,21.75,2026-02-21T17:17:19.153Z
sensor.mainesp_roomtemp,21.6875,2026-02-21T17:17:49.150Z
sensor.mainesp_roomtemp,21.75,2026-02-21T17:18:49.158Z
sensor.mainesp_roomtemp,21.8125,2026-02-21T17:19:19.157Z
sensor.mainesp_roomtemp,21.875,2026-02-21T17:21:19.171Z
sensor.mainesp_roomtemp,21.9375,2026-02-21T17:21:49.173Z
sensor.mainesp_roomtemp,22.0,2026-02-21T17:22:49.169Z
sensor.mainesp_roomtemp,21.9375,2026-02-21T17:24:19.180Z
sensor.mainesp_roomtemp,21.875,2026-02-21T17:24:49.183Z
sensor.mainesp_roomtemp,21.8125,2026-02-21T17:25:49.188Z
sensor.mainesp_roomtemp,21.875,2026-02-21T17:27:19.201Z
sensor.mainesp_roomtemp,21.9375,2026-02-21T17:27:49.202Z
sensor.mainesp_roomtemp,22.0,2026-02-21T17:29:19.204Z
sensor.mainesp_roomtemp,22.0625,2026-02-21T17:29:49.210Z
sensor.mainesp_roomtemp,22.125,2026-02-21T17:30:19.189Z
sensor.mainesp_roomtemp,22.1875,2026-02-21T17:30:49.204Z
sensor.mainesp_roomtemp,22.25,2026-02-21T17:31:19.213Z
sensor.mainesp_roomtemp,22.3125,2026-02-21T17:31:49.213Z
sensor.mainesp_roomtemp,22.4375,2026-02-21T17:32:19.214Z
sensor.mainesp_roomtemp,22.5,2026-02-21T17:33:19.223Z
sensor.mainesp_roomtemp,22.5625,2026-02-21T17:34:19.222Z
sensor.mainesp_roomtemp,22.625,2026-02-21T17:35:49.233Z
sensor.mainesp_roomtemp,22.6875,2026-02-21T17:36:19.236Z
sensor.mainesp_roomtemp,22.75,2026-02-21T17:37:49.242Z
sensor.mainesp_roomtemp,22.8125,2026-02-21T17:38:49.248Z
sensor.mainesp_roomtemp,22.875,2026-02-21T17:40:19.253Z
sensor.mainesp_roomtemp,22.9375,2026-02-21T17:42:49.266Z
sensor.mainesp_roomtemp,22.875,2026-02-21T17:43:19.263Z
sensor.mainesp_roomtemp,22.9375,2026-02-21T17:43:49.266Z
sensor.mainesp_roomtemp,23.0,2026-02-21T17:45:19.272Z
sensor.mainesp_roomtemp,23.0625,2026-02-21T17:48:19.284Z
sensor.mainesp_roomtemp,23.125,2026-02-21T17:50:19.287Z
sensor.mainesp_roomtemp,23.0625,2026-02-21T17:50:49.289Z
sensor.mainesp_roomtemp,23.125,2026-02-21T17:51:19.296Z
sensor.mainesp_roomtemp,23.1875,2026-02-21T17:53:49.299Z
sensor.mainesp_roomtemp,23.25,2026-02-21T17:56:49.312Z
sensor.mainesp_roomtemp,23.1875,2026-02-21T17:57:19.314Z
sensor.mainesp_roomtemp,23.25,2026-02-21T17:58:19.322Z
sensor.mainesp_roomtemp,23.1875,2026-02-21T18:01:19.330Z
sensor.mainesp_roomtemp,23.25,2026-02-21T18:01:49.336Z
sensor.mainesp_roomtemp,23.3125,2026-02-21T18:05:19.365Z
sensor.mainesp_roomtemp,23.375,2026-02-21T18:09:49.379Z
sensor.mainesp_roomtemp,23.3125,2026-02-21T18:11:19.387Z
sensor.mainesp_roomtemp,23.375,2026-02-21T18:12:19.386Z
sensor.mainesp_roomtemp,23.4375,2026-02-21T18:14:49.392Z
sensor.mainesp_roomtemp,23.5,2026-02-21T18:19:49.411Z
sensor.mainesp_roomtemp,23.4375,2026-02-21T18:20:19.417Z
sensor.mainesp_roomtemp,23.5,2026-02-21T18:20:49.421Z
sensor.mainesp_roomtemp,23.4375,2026-02-21T18:22:19.425Z
sensor.mainesp_roomtemp,23.5,2026-02-21T18:23:49.424Z
sensor.mainesp_roomtemp,23.4375,2026-02-21T18:26:19.438Z
sensor.mainesp_roomtemp,23.5,2026-02-21T18:26:49.442Z
sensor.mainesp_roomtemp,23.4375,2026-02-21T18:27:49.447Z
sensor.mainesp_roomtemp,23.5,2026-02-21T18:28:19.448Z
sensor.mainesp_roomtemp,23.4375,2026-02-21T18:28:49.450Z
sensor.mainesp_roomtemp,23.5,2026-02-21T18:29:49.455Z
sensor.mainesp_roomtemp,23.4375,2026-02-21T18:30:19.451Z
sensor.mainesp_roomtemp,23.5,2026-02-21T18:31:49.469Z
sensor.mainesp_roomtemp,23.4375,2026-02-21T18:32:49.467Z
sensor.mainesp_roomtemp,23.5,2026-02-21T18:34:19.473Z
sensor.mainesp_roomtemp,23.4375,2026-02-21T18:35:19.473Z
sensor.mainesp_roomtemp,23.5,2026-02-21T18:36:49.487Z
sensor.mainesp_roomtemp,23.5625,2026-02-21T18:39:49.493Z
sensor.mainesp_roomtemp,23.5,2026-02-21T18:40:19.493Z
sensor.mainesp_roomtemp,23.4375,2026-02-21T18:45:19.515Z
sensor.mainesp_roomtemp,23.5,2026-02-21T18:45:49.519Z
sensor.mainesp_roomtemp,23.4375,2026-02-21T18:55:19.561Z
sensor.mainesp_roomtemp,23.5,2026-02-21T18:55:49.567Z
sensor.mainesp_roomtemp,23.4375,2026-02-21T18:56:49.575Z
sensor.mainesp_roomtemp,23.5,2026-02-21T18:57:19.579Z
sensor.mainesp_roomtemp,23.5625,2026-02-21T19:07:19.612Z
sensor.mainesp_roomtemp,23.5,2026-02-21T19:07:49.613Z
sensor.mainesp_roomtemp,23.4375,2026-02-21T19:09:49.621Z
sensor.mainesp_roomtemp,23.5,2026-02-21T19:11:49.627Z
sensor.mainesp_roomtemp,23.4375,2026-02-21T19:17:49.650Z
sensor.mainesp_roomtemp,23.5,2026-02-21T19:19:49.662Z
sensor.mainesp_roomtemp,23.4375,2026-02-21T19:21:19.670Z
sensor.mainesp_roomtemp,23.5,2026-02-21T19:22:49.672Z
sensor.mainesp_roomtemp,23.4375,2026-02-21T19:28:19.701Z
sensor.mainesp_roomtemp,23.5,2026-02-21T19:36:49.729Z
sensor.mainesp_roomtemp,23.4375,2026-02-21T19:37:19.736Z
sensor.mainesp_roomtemp,23.5,2026-02-21T19:43:19.762Z
sensor.mainesp_roomtemp,23.4375,2026-02-21T19:43:49.757Z
sensor.mainesp_roomtemp,23.375,2026-02-21T19:46:49.768Z
sensor.mainesp_roomtemp,23.4375,2026-02-21T19:47:19.771Z
sensor.mainesp_roomtemp,23.5,2026-02-21T19:47:49.771Z
sensor.mainesp_roomtemp,23.4375,2026-02-21T19:48:49.775Z
sensor.mainesp_roomtemp,23.5,2026-02-21T19:49:19.779Z
sensor.mainesp_roomtemp,23.4375,2026-02-21T19:50:19.787Z
sensor.mainesp_roomtemp,23.5,2026-02-21T19:50:49.783Z
sensor.mainesp_roomtemp,23.4375,2026-02-21T19:51:49.786Z
sensor.mainesp_roomtemp,23.5,2026-02-21T19:52:19.791Z
sensor.mainesp_roomtemp,23.4375,2026-02-21T19:52:49.791Z
sensor.mainesp_roomtemp,23.5,2026-02-21T19:53:19.798Z
sensor.mainesp_roomtemp,23.4375,2026-02-21T19:54:49.798Z
sensor.mainesp_roomtemp,23.5,2026-02-21T19:55:19.803Z
sensor.mainesp_roomtemp,23.4375,2026-02-21T19:56:19.815Z
sensor.mainesp_roomtemp,23.5,2026-02-21T19:58:19.822Z
sensor.mainesp_roomtemp,23.5625,2026-02-21T20:00:49.827Z
sensor.mainesp_roomtemp,23.5,2026-02-21T20:01:19.832Z
sensor.mainesp_roomtemp,23.5625,2026-02-21T20:02:19.837Z
sensor.mainesp_roomtemp,23.5,2026-02-21T20:03:19.835Z
sensor.mainesp_roomtemp,23.4375,2026-02-21T20:05:49.844Z
sensor.mainesp_roomtemp,23.5,2026-02-21T20:06:19.831Z
sensor.mainesp_roomtemp,23.4375,2026-02-21T20:12:49.885Z
sensor.mainesp_roomtemp,23.375,2026-02-21T20:13:49.887Z
sensor.mainesp_roomtemp,23.4375,2026-02-21T20:17:49.898Z
sensor.mainesp_roomtemp,23.375,2026-02-21T20:18:19.907Z
sensor.mainesp_roomtemp,23.4375,2026-02-21T20:18:49.912Z
sensor.mainesp_roomtemp,23.5,2026-02-21T20:22:19.926Z
sensor.mainesp_roomtemp,23.5625,2026-02-21T20:26:19.940Z
sensor.mainesp_roomtemp,23.5,2026-02-21T20:27:19.944Z
sensor.mainesp_roomtemp,23.4375,2026-02-21T20:28:19.948Z
sensor.mainesp_roomtemp,23.5,2026-02-21T20:30:49.963Z
sensor.mainesp_roomtemp,23.4375,2026-02-21T20:34:49.981Z
sensor.mainesp_roomtemp,23.5,2026-02-21T20:35:19.986Z
sensor.mainesp_roomtemp,23.4375,2026-02-21T20:37:19.995Z
sensor.mainesp_roomtemp,23.5,2026-02-21T20:37:49.992Z
sensor.mainesp_roomtemp,23.4375,2026-02-21T20:40:20.014Z
sensor.mainesp_roomtemp,23.5,2026-02-21T20:41:20.018Z
sensor.mainesp_roomtemp,23.4375,2026-02-21T20:41:50.020Z
sensor.mainesp_roomtemp,23.5,2026-02-21T20:42:20.016Z
sensor.mainesp_roomtemp,23.4375,2026-02-21T20:42:50.024Z
sensor.mainesp_roomtemp,23.5,2026-02-21T20:43:20.028Z
sensor.mainesp_roomtemp,23.4375,2026-02-21T20:46:20.034Z
sensor.mainesp_roomtemp,23.5,2026-02-21T20:46:50.042Z
sensor.mainesp_roomtemp,23.4375,2026-02-21T20:47:50.043Z
sensor.mainesp_roomtemp,23.5,2026-02-21T20:48:20.046Z
sensor.mainesp_roomtemp,23.4375,2026-02-21T20:49:20.050Z
sensor.mainesp_roomtemp,23.5,2026-02-21T20:50:20.058Z
sensor.mainesp_roomtemp,23.4375,2026-02-21T20:51:20.059Z
sensor.mainesp_roomtemp,23.5,2026-02-21T20:51:50.068Z
sensor.mainesp_roomtemp,23.4375,2026-02-21T20:52:50.072Z
sensor.mainesp_roomtemp,23.5,2026-02-21T20:53:20.071Z
sensor.mainesp_roomtemp,23.4375,2026-02-21T20:54:20.076Z
sensor.mainesp_roomtemp,23.5,2026-02-21T20:56:20.080Z
sensor.mainesp_roomtemp,23.4375,2026-02-21T20:56:50.089Z
sensor.mainesp_roomtemp,23.5,2026-02-21T20:57:20.088Z
sensor.mainesp_roomtemp,23.4375,2026-02-21T20:57:50.091Z
sensor.mainesp_roomtemp,23.375,2026-02-21T20:58:50.088Z
sensor.mainesp_roomtemp,23.4375,2026-02-21T20:59:20.074Z
sensor.mainesp_roomtemp,23.375,2026-02-21T20:59:50.095Z
sensor.mainesp_roomtemp,23.4375,2026-02-21T21:00:20.095Z
sensor.mainesp_roomtemp,23.5,2026-02-21T21:01:20.097Z
sensor.mainesp_roomtemp,23.4375,2026-02-21T21:02:20.104Z
sensor.mainesp_roomtemp,23.5,2026-02-21T21:02:50.110Z
sensor.mainesp_roomtemp,23.4375,2026-02-21T21:04:50.123Z
sensor.mainesp_roomtemp,23.5,2026-02-21T21:11:50.156Z
sensor.mainesp_roomtemp,23.4375,2026-02-21T21:12:20.153Z
sensor.mainesp_roomtemp,23.375,2026-02-21T21:12:50.167Z
sensor.mainesp_roomtemp,23.4375,2026-02-21T21:13:20.161Z
sensor.mainesp_roomtemp,23.5,2026-02-21T21:25:50.211Z
sensor.mainesp_roomtemp,23.4375,2026-02-21T21:26:20.222Z
sensor.mainesp_roomtemp,23.375,2026-02-21T21:29:50.239Z
sensor.mainesp_roomtemp,23.4375,2026-02-21T21:30:20.237Z
sensor.mainesp_roomtemp,23.375,2026-02-21T21:31:20.249Z
sensor.mainesp_roomtemp,23.4375,2026-02-21T21:31:50.237Z
sensor.mainesp_roomtemp,23.375,2026-02-21T21:33:50.260Z
sensor.mainesp_roomtemp,23.4375,2026-02-21T21:34:20.256Z
sensor.mainesp_roomtemp,23.375,2026-02-21T21:36:20.268Z
sensor.mainesp_roomtemp,23.4375,2026-02-21T21:37:50.274Z
sensor.mainesp_roomtemp,23.375,2026-02-21T21:38:20.270Z
sensor.mainesp_roomtemp,23.4375,2026-02-21T21:39:50.282Z
sensor.mainesp_roomtemp,23.375,2026-02-21T21:48:50.332Z
sensor.mainesp_roomtemp,23.3125,2026-02-21T21:53:50.358Z
sensor.mainesp_roomtemp,23.375,2026-02-21T21:57:50.377Z
sensor.mainesp_roomtemp,23.3125,2026-02-21T21:58:20.380Z
sensor.mainesp_roomtemp,23.375,2026-02-21T21:58:50.380Z
sensor.mainesp_roomtemp,23.3125,2026-02-21T22:01:20.391Z
sensor.mainesp_roomtemp,23.375,2026-02-21T22:01:50.393Z
sensor.mainesp_roomtemp,23.3125,2026-02-21T22:02:20.395Z
sensor.mainesp_roomtemp,23.375,2026-02-21T22:02:50.402Z
sensor.mainesp_roomtemp,23.3125,2026-02-21T22:05:20.410Z
sensor.mainesp_roomtemp,23.375,2026-02-21T22:05:50.413Z
sensor.mainesp_roomtemp,23.3125,2026-02-21T22:09:50.430Z
sensor.mainesp_roomtemp,23.375,2026-02-21T22:10:20.430Z
sensor.mainesp_roomtemp,23.3125,2026-02-21T22:10:50.443Z
sensor.mainesp_roomtemp,23.25,2026-02-21T22:11:20.435Z
sensor.mainesp_roomtemp,23.3125,2026-02-21T22:12:20.445Z
sensor.mainesp_roomtemp,23.25,2026-02-21T22:12:50.436Z
sensor.mainesp_roomtemp,23.3125,2026-02-21T22:13:20.444Z
sensor.mainesp_roomtemp,23.25,2026-02-21T22:14:50.450Z
sensor.mainesp_roomtemp,23.3125,2026-02-21T22:18:20.466Z
sensor.mainesp_roomtemp,23.25,2026-02-21T22:20:50.477Z
sensor.mainesp_roomtemp,23.3125,2026-02-21T22:21:50.471Z
sensor.mainesp_roomtemp,23.375,2026-02-21T22:23:50.490Z
sensor.mainesp_roomtemp,23.3125,2026-02-21T22:24:50.484Z
sensor.mainesp_roomtemp,23.25,2026-02-21T22:25:50.502Z
sensor.mainesp_roomtemp,23.3125,2026-02-21T22:26:20.504Z
sensor.mainesp_roomtemp,23.375,2026-02-21T22:28:50.510Z
sensor.mainesp_roomtemp,23.3125,2026-02-21T22:29:20.509Z
sensor.mainesp_roomtemp,23.375,2026-02-21T22:30:20.521Z
sensor.mainesp_roomtemp,23.3125,2026-02-21T22:42:50.591Z
sensor.mainesp_roomtemp,23.25,2026-02-21T22:45:20.609Z
sensor.mainesp_roomtemp,23.3125,2026-02-21T22:45:50.611Z
sensor.mainesp_roomtemp,23.25,2026-02-21T22:46:50.615Z
sensor.mainesp_roomtemp,23.3125,2026-02-21T22:48:20.617Z
sensor.mainesp_roomtemp,23.375,2026-02-21T22:49:20.623Z
sensor.mainesp_roomtemp,23.3125,2026-02-21T22:49:50.632Z
sensor.mainesp_roomtemp,23.375,2026-02-21T22:50:50.641Z
sensor.mainesp_roomtemp,23.3125,2026-02-21T22:51:20.636Z
sensor.mainesp_roomtemp,23.25,2026-02-21T23:01:50.683Z
sensor.mainesp_roomtemp,23.3125,2026-02-21T23:02:20.678Z
sensor.mainesp_roomtemp,23.25,2026-02-21T23:03:20.686Z
sensor.mainesp_roomtemp,23.3125,2026-02-21T23:03:50.689Z
sensor.mainesp_roomtemp,23.25,2026-02-21T23:04:20.689Z
sensor.mainesp_roomtemp,23.3125,2026-02-21T23:05:20.693Z
sensor.mainesp_roomtemp,23.375,2026-02-21T23:05:50.684Z
sensor.mainesp_roomtemp,23.3125,2026-02-21T23:06:20.696Z
sensor.mainesp_roomtemp,23.375,2026-02-21T23:07:20.702Z
sensor.mainesp_roomtemp,23.3125,2026-02-21T23:07:50.697Z
sensor.mainesp_roomtemp,23.25,2026-02-21T23:08:50.702Z
sensor.mainesp_roomtemp,23.1875,2026-02-21T23:12:50.720Z
sensor.mainesp_roomtemp,23.125,2026-02-21T23:13:20.719Z
sensor.mainesp_roomtemp,23.1875,2026-02-21T23:13:50.724Z
sensor.mainesp_roomtemp,23.125,2026-02-21T23:14:20.723Z
sensor.mainesp_roomtemp,23.1875,2026-02-21T23:14:50.730Z
sensor.mainesp_roomtemp,23.25,2026-02-21T23:15:50.741Z
sensor.mainesp_roomtemp,23.1875,2026-02-21T23:22:20.756Z
sensor.mainesp_roomtemp,23.25,2026-02-21T23:22:50.762Z
sensor.mainesp_roomtemp,23.1875,2026-02-21T23:23:20.762Z
sensor.mainesp_roomtemp,23.125,2026-02-21T23:23:50.762Z
sensor.mainesp_roomtemp,23.1875,2026-02-21T23:24:20.766Z
sensor.mainesp_roomtemp,23.25,2026-02-21T23:26:20.776Z
sensor.mainesp_roomtemp,23.1875,2026-02-21T23:27:20.776Z
sensor.mainesp_roomtemp,23.25,2026-02-21T23:27:50.780Z
sensor.mainesp_roomtemp,23.3125,2026-02-21T23:30:20.795Z
sensor.mainesp_roomtemp,23.375,2026-02-21T23:34:20.805Z
sensor.mainesp_roomtemp,23.3125,2026-02-21T23:34:50.805Z
sensor.mainesp_roomtemp,23.25,2026-02-21T23:37:50.814Z
sensor.mainesp_roomtemp,23.3125,2026-02-21T23:38:50.824Z
sensor.mainesp_roomtemp,23.25,2026-02-21T23:39:20.825Z
sensor.mainesp_roomtemp,23.3125,2026-02-21T23:41:50.851Z
sensor.mainesp_roomtemp,23.25,2026-02-21T23:42:20.845Z
sensor.mainesp_roomtemp,23.1875,2026-02-21T23:43:50.842Z
sensor.mainesp_roomtemp,23.25,2026-02-21T23:46:20.866Z
sensor.mainesp_roomtemp,23.3125,2026-02-21T23:50:20.884Z
sensor.mainesp_roomtemp,23.25,2026-02-21T23:50:50.879Z
sensor.mainesp_roomtemp,23.1875,2026-02-21T23:53:20.876Z
sensor.mainesp_roomtemp,23.25,2026-02-21T23:54:20.897Z
sensor.mainesp_roomtemp,23.1875,2026-02-21T23:54:50.904Z
sensor.mainesp_roomtemp,23.25,2026-02-21T23:56:50.903Z
sensor.mainesp_roomtemp,23.1875,2026-02-21T23:57:20.908Z
sensor.mainesp_roomtemp,23.25,2026-02-21T23:59:20.916Z
sensor.mainesp_roomtemp,23.1875,2026-02-22T00:00:20.920Z
sensor.mainesp_roomtemp,23.25,2026-02-22T00:05:20.941Z
sensor.mainesp_roomtemp,23.1875,2026-02-22T00:06:20.942Z
sensor.mainesp_roomtemp,23.25,2026-02-22T00:06:50.945Z
sensor.mainesp_roomtemp,23.1875,2026-02-22T00:07:50.954Z
sensor.mainesp_roomtemp,23.25,2026-02-22T00:08:20.953Z
sensor.mainesp_roomtemp,23.1875,2026-02-22T00:15:20.999Z
sensor.mainesp_roomtemp,23.25,2026-02-22T00:15:50.998Z
sensor.mainesp_roomtemp,23.1875,2026-02-22T00:20:51.021Z
sensor.mainesp_roomtemp,23.25,2026-02-22T00:21:21.025Z
sensor.mainesp_roomtemp,23.1875,2026-02-22T00:22:51.026Z
sensor.mainesp_roomtemp,23.125,2026-02-22T00:26:21.046Z
sensor.mainesp_roomtemp,23.1875,2026-02-22T00:26:51.054Z
sensor.mainesp_roomtemp,23.125,2026-02-22T00:27:21.059Z
sensor.mainesp_roomtemp,23.1875,2026-02-22T00:27:51.058Z
sensor.mainesp_roomtemp,23.125,2026-02-22T00:29:51.070Z
sensor.mainesp_roomtemp,23.1875,2026-02-22T00:31:21.049Z
sensor.mainesp_roomtemp,23.125,2026-02-22T00:32:21.075Z
sensor.mainesp_roomtemp,23.1875,2026-02-22T00:33:21.087Z
sensor.mainesp_roomtemp,23.125,2026-02-22T00:33:51.089Z
sensor.mainesp_roomtemp,23.1875,2026-02-22T00:34:51.089Z
sensor.mainesp_roomtemp,23.0625,2026-02-22T00:35:51.103Z
sensor.mainesp_roomtemp,23.125,2026-02-22T00:36:21.097Z
sensor.mainesp_roomtemp,23.1875,2026-02-22T00:37:21.104Z
sensor.mainesp_roomtemp,23.125,2026-02-22T00:38:21.116Z
sensor.mainesp_roomtemp,23.1875,2026-02-22T00:40:51.124Z
sensor.mainesp_roomtemp,23.25,2026-02-22T00:44:21.138Z
sensor.mainesp_roomtemp,23.1875,2026-02-22T00:44:51.144Z
sensor.mainesp_roomtemp,23.25,2026-02-22T00:45:51.154Z
sensor.mainesp_roomtemp,23.1875,2026-02-22T00:46:21.134Z
sensor.mainesp_roomtemp,23.125,2026-02-22T00:50:51.175Z
sensor.mainesp_roomtemp,23.1875,2026-02-22T00:51:21.172Z
sensor.mainesp_roomtemp,23.125,2026-02-22T00:53:21.181Z
sensor.mainesp_roomtemp,23.1875,2026-02-22T00:56:21.195Z
sensor.mainesp_roomtemp,23.125,2026-02-22T00:57:21.207Z
sensor.mainesp_roomtemp,23.0625,2026-02-22T01:04:21.234Z
sensor.mainesp_roomtemp,23.125,2026-02-22T01:04:51.245Z
sensor.mainesp_roomtemp,23.0625,2026-02-22T01:05:21.247Z
sensor.mainesp_roomtemp,23.125,2026-02-22T01:05:51.234Z
sensor.mainesp_roomtemp,23.0625,2026-02-22T01:16:21.293Z
sensor.mainesp_roomtemp,23.125,2026-02-22T01:16:51.294Z
sensor.mainesp_roomtemp,23.0625,2026-02-22T01:17:21.297Z
sensor.mainesp_roomtemp,23.125,2026-02-22T01:17:51.303Z
sensor.mainesp_roomtemp,23.0625,2026-02-22T01:18:21.299Z
sensor.mainesp_roomtemp,23.125,2026-02-22T01:19:21.309Z
sensor.mainesp_roomtemp,23.0625,2026-02-22T01:19:51.311Z
sensor.mainesp_roomtemp,23.125,2026-02-22T01:24:51.330Z
sensor.mainesp_roomtemp,23.0625,2026-02-22T01:25:21.330Z
sensor.mainesp_roomtemp,23.125,2026-02-22T01:27:21.343Z
sensor.mainesp_roomtemp,23.0625,2026-02-22T01:27:51.345Z
sensor.mainesp_roomtemp,23.125,2026-02-22T01:30:21.355Z
sensor.mainesp_roomtemp,23.0625,2026-02-22T01:30:51.355Z
sensor.mainesp_roomtemp,23.125,2026-02-22T01:31:21.358Z
sensor.mainesp_roomtemp,23.0625,2026-02-22T01:31:51.363Z
sensor.mainesp_roomtemp,23.125,2026-02-22T01:34:51.374Z
sensor.mainesp_roomtemp,23.0625,2026-02-22T01:36:51.387Z
sensor.mainesp_roomtemp,23.125,2026-02-22T01:39:21.397Z
sensor.mainesp_roomtemp,23.0625,2026-02-22T01:39:51.399Z
sensor.mainesp_roomtemp,23.125,2026-02-22T01:42:21.412Z
sensor.mainesp_roomtemp,23.0625,2026-02-22T01:42:51.406Z
sensor.mainesp_roomtemp,23.125,2026-02-22T01:44:21.415Z
sensor.mainesp_roomtemp,23.0625,2026-02-22T01:44:51.421Z
sensor.mainesp_roomtemp,23.0,2026-02-22T01:49:21.437Z
sensor.mainesp_roomtemp,23.0625,2026-02-22T01:49:51.435Z
sensor.mainesp_roomtemp,23.0,2026-02-22T01:50:51.439Z
sensor.mainesp_roomtemp,23.0625,2026-02-22T01:51:21.444Z
sensor.mainesp_roomtemp,23.0,2026-02-22T01:53:21.454Z
sensor.mainesp_roomtemp,22.9375,2026-02-22T01:59:51.479Z
sensor.mainesp_roomtemp,23.0,2026-02-22T02:00:21.483Z
sensor.mainesp_roomtemp,22.9375,2026-02-22T02:02:51.489Z
sensor.mainesp_roomtemp,23.0,2026-02-22T02:03:21.494Z
sensor.mainesp_roomtemp,23.0625,2026-02-22T02:08:21.512Z
sensor.mainesp_roomtemp,23.0,2026-02-22T02:08:51.511Z
sensor.mainesp_roomtemp,23.0625,2026-02-22T02:10:21.519Z
sensor.mainesp_roomtemp,23.0,2026-02-22T02:11:51.525Z
sensor.mainesp_roomtemp,23.0625,2026-02-22T02:12:21.525Z
sensor.mainesp_roomtemp,23.0,2026-02-22T02:13:21.535Z
sensor.mainesp_roomtemp,23.0625,2026-02-22T02:13:51.543Z
sensor.mainesp_roomtemp,23.0,2026-02-22T02:16:51.545Z
sensor.mainesp_roomtemp,23.0625,2026-02-22T02:17:21.551Z
sensor.mainesp_roomtemp,23.0,2026-02-22T02:18:21.554Z
sensor.mainesp_roomtemp,22.9375,2026-02-22T02:21:51.576Z
sensor.mainesp_roomtemp,23.0,2026-02-22T02:25:51.601Z
sensor.mainesp_roomtemp,22.9375,2026-02-22T02:26:21.600Z
sensor.mainesp_roomtemp,22.875,2026-02-22T02:26:51.603Z
sensor.mainesp_roomtemp,22.9375,2026-02-22T02:27:51.605Z
sensor.mainesp_roomtemp,22.875,2026-02-22T02:28:51.610Z
sensor.mainesp_roomtemp,22.9375,2026-02-22T02:29:21.606Z
sensor.mainesp_roomtemp,22.875,2026-02-22T02:29:51.615Z
sensor.mainesp_roomtemp,22.9375,2026-02-22T02:33:21.623Z
sensor.mainesp_roomtemp,23.0,2026-02-22T02:34:51.635Z
sensor.mainesp_roomtemp,22.9375,2026-02-22T02:35:21.630Z
sensor.mainesp_roomtemp,22.875,2026-02-22T02:36:21.635Z
sensor.mainesp_roomtemp,22.8125,2026-02-22T02:37:51.644Z
sensor.mainesp_roomtemp,22.875,2026-02-22T02:38:21.646Z
sensor.mainesp_roomtemp,22.9375,2026-02-22T02:40:21.654Z
sensor.mainesp_roomtemp,22.875,2026-02-22T02:46:21.682Z
sensor.mainesp_roomtemp,22.9375,2026-02-22T02:46:51.689Z
sensor.mainesp_roomtemp,22.875,2026-02-22T02:48:21.689Z
sensor.mainesp_roomtemp,22.9375,2026-02-22T02:49:21.700Z
sensor.mainesp_roomtemp,23.0,2026-02-22T02:52:51.715Z
sensor.mainesp_roomtemp,22.9375,2026-02-22T02:59:21.749Z
sensor.mainesp_roomtemp,23.0,2026-02-22T03:00:21.748Z
sensor.mainesp_roomtemp,22.9375,2026-02-22T03:00:51.758Z
sensor.mainesp_roomtemp,23.0,2026-02-22T03:01:51.755Z
sensor.mainesp_roomtemp,22.9375,2026-02-22T03:03:51.772Z
sensor.mainesp_roomtemp,23.0,2026-02-22T03:04:21.772Z
sensor.mainesp_roomtemp,22.9375,2026-02-22T03:04:51.777Z
sensor.mainesp_roomtemp,22.875,2026-02-22T03:07:21.783Z
sensor.mainesp_roomtemp,22.9375,2026-02-22T03:08:21.787Z
sensor.mainesp_roomtemp,22.875,2026-02-22T03:08:51.794Z
sensor.mainesp_roomtemp,22.8125,2026-02-22T03:14:21.811Z
sensor.mainesp_roomtemp,22.875,2026-02-22T03:14:51.813Z
sensor.mainesp_roomtemp,22.9375,2026-02-22T03:16:21.820Z
sensor.mainesp_roomtemp,22.875,2026-02-22T03:16:51.812Z
sensor.mainesp_roomtemp,22.9375,2026-02-22T03:18:51.834Z
sensor.mainesp_roomtemp,22.875,2026-02-22T03:19:21.832Z
sensor.mainesp_roomtemp,22.8125,2026-02-22T03:20:51.841Z
sensor.mainesp_roomtemp,22.875,2026-02-22T03:21:21.842Z
sensor.mainesp_roomtemp,22.8125,2026-02-22T03:24:21.858Z
sensor.mainesp_roomtemp,22.875,2026-02-22T03:24:51.867Z
sensor.mainesp_roomtemp,22.8125,2026-02-22T03:25:21.862Z
sensor.mainesp_roomtemp,22.875,2026-02-22T03:25:51.864Z
sensor.mainesp_roomtemp,22.8125,2026-02-22T03:26:21.870Z
sensor.mainesp_roomtemp,22.875,2026-02-22T03:26:51.873Z
sensor.mainesp_roomtemp,22.9375,2026-02-22T03:27:21.872Z
sensor.mainesp_roomtemp,22.875,2026-02-22T03:27:51.863Z
sensor.mainesp_roomtemp,22.8125,2026-02-22T03:31:51.895Z
sensor.mainesp_roomtemp,22.875,2026-02-22T03:32:21.893Z
sensor.mainesp_roomtemp,22.9375,2026-02-22T03:34:21.905Z
sensor.mainesp_roomtemp,22.875,2026-02-22T03:34:51.914Z
sensor.mainesp_roomtemp,22.9375,2026-02-22T03:35:51.912Z
sensor.mainesp_roomtemp,22.875,2026-02-22T03:36:51.919Z
sensor.mainesp_roomtemp,22.9375,2026-02-22T03:37:51.912Z
sensor.mainesp_roomtemp,22.875,2026-02-22T03:38:21.923Z
sensor.mainesp_roomtemp,22.9375,2026-02-22T03:39:21.928Z
sensor.mainesp_roomtemp,22.875,2026-02-22T03:39:51.921Z
sensor.mainesp_roomtemp,22.9375,2026-02-22T03:41:51.940Z
sensor.mainesp_roomtemp,22.875,2026-02-22T03:42:21.943Z
sensor.mainesp_roomtemp,22.9375,2026-02-22T03:42:51.949Z
sensor.mainesp_roomtemp,22.875,2026-02-22T03:43:21.944Z
sensor.mainesp_roomtemp,22.9375,2026-02-22T03:51:21.984Z
sensor.mainesp_roomtemp,22.875,2026-02-22T03:53:51.985Z
sensor.mainesp_roomtemp,22.9375,2026-02-22T03:54:21.994Z
sensor.mainesp_roomtemp,22.875,2026-02-22T03:55:52.008Z
sensor.mainesp_roomtemp,22.9375,2026-02-22T03:59:22.022Z
sensor.mainesp_roomtemp,22.875,2026-02-22T04:01:22.032Z
sensor.mainesp_roomtemp,22.9375,2026-02-22T04:01:52.034Z
sensor.mainesp_roomtemp,22.875,2026-02-22T04:02:22.037Z
sensor.mainesp_roomtemp,22.8125,2026-02-22T04:09:22.068Z
sensor.mainesp_roomtemp,22.875,2026-02-22T04:10:22.074Z
sensor.mainesp_roomtemp,22.9375,2026-02-22T04:13:22.096Z
sensor.mainesp_roomtemp,22.875,2026-02-22T04:13:52.097Z
sensor.mainesp_roomtemp,22.9375,2026-02-22T04:14:22.096Z
sensor.mainesp_roomtemp,22.875,2026-02-22T04:15:22.102Z
sensor.mainesp_roomtemp,22.9375,2026-02-22T04:16:22.107Z
sensor.mainesp_roomtemp,22.875,2026-02-22T04:16:52.109Z
sensor.mainesp_roomtemp,22.8125,2026-02-22T04:17:52.102Z
sensor.mainesp_roomtemp,22.875,2026-02-22T04:18:52.116Z
sensor.mainesp_roomtemp,22.8125,2026-02-22T04:19:22.118Z
sensor.mainesp_roomtemp,22.875,2026-02-22T04:20:22.120Z
sensor.mainesp_roomtemp,22.8125,2026-02-22T04:21:22.124Z
sensor.mainesp_roomtemp,22.875,2026-02-22T04:22:52.130Z
sensor.mainesp_roomtemp,22.8125,2026-02-22T04:23:22.133Z
sensor.mainesp_roomtemp,22.875,2026-02-22T04:23:52.132Z
sensor.mainesp_roomtemp,22.8125,2026-02-22T04:25:52.144Z
sensor.mainesp_roomtemp,22.75,2026-02-22T04:27:52.159Z
sensor.mainesp_roomtemp,22.8125,2026-02-22T04:28:22.162Z
sensor.mainesp_roomtemp,22.75,2026-02-22T04:28:52.177Z
sensor.mainesp_roomtemp,22.8125,2026-02-22T04:31:22.186Z
sensor.mainesp_roomtemp,22.875,2026-02-22T04:32:22.187Z
sensor.mainesp_roomtemp,22.8125,2026-02-22T04:32:52.197Z
sensor.mainesp_roomtemp,22.875,2026-02-22T04:33:22.197Z
sensor.mainesp_roomtemp,22.8125,2026-02-22T04:37:52.214Z
sensor.mainesp_roomtemp,22.875,2026-02-22T04:38:22.219Z
sensor.mainesp_roomtemp,22.75,2026-02-22T04:39:22.225Z
sensor.mainesp_roomtemp,22.8125,2026-02-22T04:39:52.222Z
sensor.mainesp_roomtemp,22.875,2026-02-22T04:42:22.235Z
sensor.mainesp_roomtemp,22.8125,2026-02-22T04:42:52.237Z
sensor.mainesp_roomtemp,22.875,2026-02-22T04:45:22.253Z
sensor.mainesp_roomtemp,22.8125,2026-02-22T04:47:52.270Z
sensor.mainesp_roomtemp,22.875,2026-02-22T04:49:22.268Z
sensor.mainesp_roomtemp,22.8125,2026-02-22T04:49:52.272Z
sensor.mainesp_roomtemp,22.875,2026-02-22T04:52:52.292Z
sensor.mainesp_roomtemp,22.8125,2026-02-22T04:53:52.295Z
sensor.mainesp_roomtemp,22.75,2026-02-22T04:54:22.297Z
sensor.mainesp_roomtemp,22.8125,2026-02-22T04:56:52.307Z
sensor.mainesp_roomtemp,22.875,2026-02-22T04:57:22.304Z
sensor.mainesp_roomtemp,22.9375,2026-02-22T04:58:52.318Z
sensor.mainesp_roomtemp,22.875,2026-02-22T04:59:22.320Z
sensor.mainesp_roomtemp,22.9375,2026-02-22T05:01:52.329Z
sensor.mainesp_roomtemp,23.0,2026-02-22T05:02:22.326Z
sensor.mainesp_roomtemp,23.0625,2026-02-22T05:07:52.350Z
sensor.mainesp_roomtemp,23.0,2026-02-22T05:08:22.351Z
sensor.mainesp_roomtemp,22.9375,2026-02-22T05:09:52.365Z
sensor.mainesp_roomtemp,23.0,2026-02-22T05:10:22.369Z
sensor.mainesp_roomtemp,23.0625,2026-02-22T05:11:22.371Z
sensor.mainesp_roomtemp,23.0,2026-02-22T05:12:52.377Z
sensor.mainesp_roomtemp,23.0625,2026-02-22T05:13:22.382Z
sensor.mainesp_roomtemp,23.125,2026-02-22T05:19:52.413Z
sensor.mainesp_roomtemp,23.1875,2026-02-22T05:20:52.420Z
sensor.mainesp_roomtemp,23.25,2026-02-22T05:22:22.427Z
sensor.mainesp_roomtemp,23.1875,2026-02-22T05:23:52.436Z
sensor.mainesp_roomtemp,23.25,2026-02-22T05:24:22.433Z
sensor.mainesp_roomtemp,23.1875,2026-02-22T05:25:52.440Z
sensor.mainesp_roomtemp,23.25,2026-02-22T05:26:22.441Z
sensor.mainesp_roomtemp,23.1875,2026-02-22T05:26:52.444Z
sensor.mainesp_roomtemp,23.25,2026-02-22T05:27:22.447Z
sensor.mainesp_roomtemp,23.1875,2026-02-22T05:27:52.446Z
sensor.mainesp_roomtemp,23.25,2026-02-22T05:28:22.443Z
sensor.mainesp_roomtemp,23.3125,2026-02-22T05:31:52.459Z
sensor.mainesp_roomtemp,23.25,2026-02-22T05:39:22.489Z
sensor.mainesp_roomtemp,23.3125,2026-02-22T05:40:22.504Z
sensor.mainesp_roomtemp,23.25,2026-02-22T05:41:52.507Z
sensor.mainesp_roomtemp,23.1875,2026-02-22T05:43:52.507Z
sensor.mainesp_roomtemp,23.25,2026-02-22T05:45:22.518Z
sensor.mainesp_roomtemp,23.3125,2026-02-22T05:48:22.540Z
sensor.mainesp_roomtemp,23.25,2026-02-22T05:48:52.539Z
sensor.mainesp_roomtemp,23.3125,2026-02-22T05:49:22.540Z
sensor.mainesp_roomtemp,23.25,2026-02-22T05:49:52.534Z
sensor.mainesp_roomtemp,23.1875,2026-02-22T05:50:52.547Z
sensor.mainesp_roomtemp,23.25,2026-02-22T05:51:22.545Z
sensor.mainesp_roomtemp,23.3125,2026-02-22T05:56:52.564Z
sensor.mainesp_roomtemp,23.1875,2026-02-22T05:57:22.567Z
sensor.mainesp_roomtemp,23.25,2026-02-22T05:57:52.569Z
sensor.mainesp_roomtemp,23.1875,2026-02-22T05:58:22.568Z
sensor.mainesp_roomtemp,23.25,2026-02-22T05:58:52.575Z
sensor.mainesp_roomtemp,23.1875,2026-02-22T06:03:22.593Z
sensor.mainesp_roomtemp,23.125,2026-02-22T06:04:22.604Z
sensor.mainesp_roomtemp,23.1875,2026-02-22T06:05:22.608Z
sensor.mainesp_roomtemp,23.25,2026-02-22T06:06:22.612Z
sensor.mainesp_roomtemp,23.1875,2026-02-22T06:06:52.605Z
sensor.mainesp_roomtemp,23.25,2026-02-22T06:07:52.625Z
sensor.mainesp_roomtemp,23.1875,2026-02-22T06:12:22.643Z
sensor.mainesp_roomtemp,23.25,2026-02-22T06:13:22.651Z
sensor.mainesp_roomtemp,23.1875,2026-02-22T06:15:22.656Z
sensor.mainesp_roomtemp,23.125,2026-02-22T06:17:22.668Z
sensor.mainesp_roomtemp,23.1875,2026-02-22T06:19:22.674Z
sensor.mainesp_roomtemp,23.25,2026-02-22T06:20:22.682Z
sensor.mainesp_roomtemp,23.1875,2026-02-22T06:21:22.680Z
sensor.mainesp_roomtemp,23.25,2026-02-22T06:22:52.682Z
sensor.mainesp_roomtemp,23.1875,2026-02-22T06:24:22.690Z
sensor.mainesp_roomtemp,23.25,2026-02-22T06:25:22.694Z
sensor.mainesp_roomtemp,23.1875,2026-02-22T06:26:52.694Z
sensor.mainesp_roomtemp,23.125,2026-02-22T06:27:22.708Z
sensor.mainesp_roomtemp,23.1875,2026-02-22T06:27:52.713Z
sensor.mainesp_roomtemp,23.125,2026-02-22T06:28:22.710Z
sensor.mainesp_roomtemp,23.1875,2026-02-22T06:28:52.717Z
sensor.mainesp_roomtemp,23.25,2026-02-22T06:30:52.730Z
sensor.mainesp_roomtemp,23.1875,2026-02-22T06:31:22.733Z
sensor.mainesp_roomtemp,23.25,2026-02-22T06:31:52.736Z
sensor.mainesp_roomtemp,23.3125,2026-02-22T06:32:52.739Z
sensor.mainesp_roomtemp,23.1875,2026-02-22T06:33:22.742Z
sensor.mainesp_roomtemp,23.25,2026-02-22T06:34:22.750Z
sensor.mainesp_roomtemp,23.1875,2026-02-22T06:36:22.769Z
sensor.mainesp_roomtemp,23.25,2026-02-22T06:38:22.772Z
sensor.mainesp_roomtemp,23.1875,2026-02-22T06:42:22.800Z
sensor.mainesp_roomtemp,23.25,2026-02-22T06:44:52.796Z
sensor.mainesp_roomtemp,23.1875,2026-02-22T06:45:22.802Z
sensor.mainesp_roomtemp,23.125,2026-02-22T06:49:52.817Z
sensor.mainesp_roomtemp,23.1875,2026-02-22T06:50:22.826Z
sensor.mainesp_roomtemp,23.25,2026-02-22T06:54:22.839Z
sensor.mainesp_roomtemp,23.1875,2026-02-22T06:55:22.848Z
sensor.mainesp_roomtemp,23.25,2026-02-22T06:56:22.855Z
sensor.mainesp_roomtemp,23.1875,2026-02-22T06:58:52.862Z
sensor.mainesp_roomtemp,23.25,2026-02-22T06:59:22.870Z
sensor.mainesp_roomtemp,23.1875,2026-02-22T07:00:52.879Z
sensor.mainesp_roomtemp,23.25,2026-02-22T07:01:22.875Z
sensor.mainesp_roomtemp,23.1875,2026-02-22T07:04:22.887Z
sensor.mainesp_roomtemp,23.125,2026-02-22T07:06:22.901Z
sensor.mainesp_roomtemp,23.1875,2026-02-22T07:06:52.901Z
sensor.mainesp_roomtemp,23.125,2026-02-22T07:07:22.904Z
sensor.mainesp_roomtemp,23.1875,2026-02-22T07:07:52.905Z
sensor.mainesp_roomtemp,23.25,2026-02-22T07:09:52.911Z
sensor.mainesp_roomtemp,23.1875,2026-02-22T07:10:22.913Z
sensor.mainesp_roomtemp,23.25,2026-02-22T07:10:52.916Z
sensor.mainesp_roomtemp,23.1875,2026-02-22T07:11:22.918Z
sensor.mainesp_roomtemp,23.25,2026-02-22T07:13:22.925Z
sensor.mainesp_roomtemp,23.1875,2026-02-22T07:19:52.962Z
sensor.mainesp_roomtemp,23.25,2026-02-22T07:20:22.966Z
sensor.mainesp_roomtemp,23.1875,2026-02-22T07:22:52.974Z
sensor.mainesp_roomtemp,23.25,2026-02-22T07:23:22.976Z
sensor.mainesp_roomtemp,23.1875,2026-02-22T07:23:52.979Z
sensor.mainesp_roomtemp,23.25,2026-02-22T07:24:52.981Z
sensor.mainesp_roomtemp,23.1875,2026-02-22T07:25:22.984Z
sensor.mainesp_roomtemp,23.25,2026-02-22T07:26:52.992Z
sensor.mainesp_roomtemp,23.1875,2026-02-22T07:27:22.991Z
sensor.mainesp_roomtemp,23.25,2026-02-22T07:29:23.000Z
sensor.mainesp_roomtemp,23.3125,2026-02-22T07:31:53.006Z
sensor.mainesp_roomtemp,23.25,2026-02-22T07:32:23.019Z
sensor.mainesp_roomtemp,23.3125,2026-02-22T07:32:53.024Z
sensor.mainesp_roomtemp,23.25,2026-02-22T07:33:23.021Z
sensor.mainesp_roomtemp,23.3125,2026-02-22T07:34:23.029Z
sensor.mainesp_roomtemp,23.25,2026-02-22T07:34:53.030Z
sensor.mainesp_roomtemp,23.3125,2026-02-22T07:35:23.038Z
sensor.mainesp_roomtemp,23.25,2026-02-22T07:35:53.040Z
sensor.mainesp_roomtemp,23.1875,2026-02-22T07:36:53.044Z
sensor.mainesp_roomtemp,23.25,2026-02-22T07:37:53.034Z
sensor.mainesp_roomtemp,23.3125,2026-02-22T07:39:23.057Z
sensor.mainesp_roomtemp,23.25,2026-02-22T07:40:23.057Z
sensor.mainesp_roomtemp,23.1875,2026-02-22T07:44:23.071Z
sensor.mainesp_roomtemp,23.25,2026-02-22T07:44:53.082Z
sensor.mainesp_roomtemp,23.3125,2026-02-22T07:51:53.112Z
sensor.mainesp_roomtemp,23.25,2026-02-22T07:52:53.121Z
sensor.mainesp_roomtemp,23.3125,2026-02-22T07:53:23.123Z
sensor.mainesp_roomtemp,23.25,2026-02-22T07:57:53.136Z
sensor.mainesp_roomtemp,23.3125,2026-02-22T07:58:23.137Z
sensor.mainesp_roomtemp,23.25,2026-02-22T07:58:53.145Z
sensor.mainesp_roomtemp,23.1875,2026-02-22T08:00:53.150Z
sensor.mainesp_roomtemp,23.0625,2026-02-22T08:01:53.153Z
sensor.mainesp_roomtemp,23.125,2026-02-22T08:02:23.155Z
sensor.mainesp_roomtemp,23.1875,2026-02-22T08:02:53.155Z
sensor.mainesp_roomtemp,23.125,2026-02-22T08:03:23.166Z
sensor.mainesp_roomtemp,23.1875,2026-02-22T08:03:53.161Z
sensor.mainesp_roomtemp,23.25,2026-02-22T08:05:23.169Z
sensor.mainesp_roomtemp,23.125,2026-02-22T08:06:23.174Z
sensor.mainesp_roomtemp,23.1875,2026-02-22T08:06:53.174Z
sensor.mainesp_roomtemp,23.25,2026-02-22T08:09:23.191Z
sensor.mainesp_roomtemp,23.1875,2026-02-22T08:10:53.199Z
sensor.mainesp_roomtemp,23.125,2026-02-22T08:11:23.202Z
sensor.mainesp_roomtemp,23.1875,2026-02-22T08:11:53.206Z
sensor.mainesp_roomtemp,23.125,2026-02-22T08:13:53.213Z
sensor.mainesp_roomtemp,23.0625,2026-02-22T08:15:23.223Z
sensor.mainesp_roomtemp,23.0,2026-02-22T08:17:23.229Z
sensor.mainesp_roomtemp,23.0625,2026-02-22T08:17:53.225Z
sensor.mainesp_roomtemp,23.0,2026-02-22T08:18:53.229Z
sensor.mainesp_roomtemp,22.9375,2026-02-22T08:20:53.238Z
sensor.mainesp_roomtemp,22.875,2026-02-22T08:21:53.241Z
sensor.mainesp_roomtemp,22.9375,2026-02-22T08:22:53.245Z
sensor.mainesp_roomtemp,23.0,2026-02-22T08:23:23.256Z
sensor.mainesp_roomtemp,22.9375,2026-02-22T08:23:53.249Z
sensor.mainesp_roomtemp,23.0,2026-02-22T08:24:23.253Z
sensor.mainesp_roomtemp,22.9375,2026-02-22T08:24:53.253Z
sensor.mainesp_roomtemp,23.0,2026-02-22T08:25:23.259Z
sensor.mainesp_roomtemp,22.9375,2026-02-22T08:25:53.262Z
sensor.mainesp_roomtemp,22.875,2026-02-22T08:27:53.271Z
sensor.mainesp_roomtemp,22.9375,2026-02-22T08:28:23.270Z
sensor.mainesp_roomtemp,22.875,2026-02-22T08:28:53.273Z
sensor.mainesp_roomtemp,22.9375,2026-02-22T08:30:23.277Z
sensor.mainesp_roomtemp,23.0,2026-02-22T08:31:23.290Z
sensor.mainesp_roomtemp,23.0625,2026-02-22T08:32:23.292Z
sensor.mainesp_roomtemp,23.125,2026-02-22T08:33:23.289Z
sensor.mainesp_roomtemp,23.1875,2026-02-22T08:35:23.300Z
sensor.mainesp_roomtemp,23.125,2026-02-22T08:35:53.298Z
sensor.mainesp_roomtemp,23.1875,2026-02-22T08:36:23.309Z
sensor.mainesp_roomtemp,23.125,2026-02-22T08:36:53.305Z
sensor.mainesp_roomtemp,23.1875,2026-02-22T08:37:53.307Z
sensor.mainesp_roomtemp,23.25,2026-02-22T08:40:53.319Z
sensor.mainesp_roomtemp,23.3125,2026-02-22T08:43:53.334Z
sensor.mainesp_roomtemp,23.375,2026-02-22T08:45:23.343Z
sensor.mainesp_roomtemp,23.4375,2026-02-22T08:46:23.342Z
sensor.mainesp_roomtemp,23.375,2026-02-22T08:47:53.350Z
sensor.mainesp_roomtemp,23.4375,2026-02-22T08:48:23.348Z
sensor.mainesp_roomtemp,23.375,2026-02-22T08:48:53.357Z
sensor.mainesp_roomtemp,23.4375,2026-02-22T08:49:23.353Z
sensor.mainesp_roomtemp,23.5,2026-02-22T08:51:23.360Z
sensor.mainesp_roomtemp,23.5625,2026-02-22T08:54:23.378Z
sensor.mainesp_roomtemp,23.5,2026-02-22T08:56:53.389Z
sensor.mainesp_roomtemp,23.4375,2026-02-22T09:01:23.410Z
sensor.mainesp_roomtemp,23.375,2026-02-22T09:05:23.422Z
sensor.mainesp_roomtemp,23.4375,2026-02-22T09:09:53.437Z
sensor.mainesp_roomtemp,23.3125,2026-02-22T09:10:53.446Z
sensor.mainesp_roomtemp,23.375,2026-02-22T09:11:23.451Z
sensor.mainesp_roomtemp,23.4375,2026-02-22T09:13:23.459Z
sensor.mainesp_roomtemp,23.375,2026-02-22T09:14:53.456Z
sensor.mainesp_roomtemp,23.4375,2026-02-22T09:17:53.469Z
sensor.mainesp_roomtemp,23.5,2026-02-22T09:19:23.482Z
sensor.mainesp_roomtemp,23.375,2026-02-22T09:20:23.482Z
sensor.mainesp_roomtemp,23.3125,2026-02-22T09:20:53.483Z
sensor.mainesp_roomtemp,23.4375,2026-02-22T09:21:53.485Z
sensor.mainesp_roomtemp,23.375,2026-02-22T09:24:23.497Z
sensor.mainesp_roomtemp,23.25,2026-02-22T09:24:53.506Z
sensor.mainesp_roomtemp,23.375,2026-02-22T09:25:23.498Z
sensor.mainesp_roomtemp,23.3125,2026-02-22T09:25:53.501Z
sensor.mainesp_roomtemp,23.375,2026-02-22T09:26:23.511Z
sensor.mainesp_roomtemp,23.4375,2026-02-22T09:27:23.513Z
sensor.mainesp_roomtemp,23.5,2026-02-22T09:28:53.513Z
sensor.mainesp_roomtemp,23.5625,2026-02-22T09:29:23.513Z
sensor.mainesp_roomtemp,23.625,2026-02-22T09:30:23.524Z
sensor.mainesp_roomtemp,23.6875,2026-02-22T09:31:23.522Z
sensor.mainesp_roomtemp,23.75,2026-02-22T09:33:23.529Z
sensor.mainesp_roomtemp,23.8125,2026-02-22T09:35:23.539Z
sensor.mainesp_roomtemp,23.75,2026-02-22T09:38:23.557Z
sensor.mainesp_roomtemp,23.8125,2026-02-22T09:41:23.569Z
sensor.mainesp_roomtemp,23.875,2026-02-22T09:42:23.573Z
sensor.mainesp_roomtemp,23.9375,2026-02-22T09:42:53.576Z
sensor.mainesp_roomtemp,23.875,2026-02-22T09:43:53.579Z
sensor.mainesp_roomtemp,23.9375,2026-02-22T09:44:23.588Z
sensor.mainesp_roomtemp,24.0,2026-02-22T09:46:23.590Z
sensor.mainesp_roomtemp,24.0625,2026-02-22T09:48:53.609Z
sensor.mainesp_roomtemp,24.0,2026-02-22T09:49:53.612Z
sensor.mainesp_roomtemp,24.0625,2026-02-22T09:51:23.615Z
sensor.mainesp_roomtemp,24.125,2026-02-22T09:57:53.646Z
sensor.mainesp_roomtemp,24.1875,2026-02-22T09:59:23.657Z
sensor.mainesp_roomtemp,24.25,2026-02-22T10:00:23.659Z
sensor.mainesp_roomtemp,24.1875,2026-02-22T10:00:53.659Z
sensor.mainesp_roomtemp,24.25,2026-02-22T10:01:53.670Z
sensor.mainesp_roomtemp,24.375,2026-02-22T10:03:23.675Z
sensor.mainesp_roomtemp,24.3125,2026-02-22T10:03:53.677Z
sensor.mainesp_roomtemp,24.375,2026-02-22T10:04:23.681Z
sensor.mainesp_roomtemp,24.4375,2026-02-22T10:05:23.679Z
sensor.mainesp_roomtemp,24.5,2026-02-22T10:06:23.682Z
sensor.mainesp_roomtemp,24.4375,2026-02-22T10:07:23.694Z
sensor.mainesp_roomtemp,24.375,2026-02-22T10:08:53.695Z
sensor.mainesp_roomtemp,24.4375,2026-02-22T10:09:23.693Z
sensor.mainesp_roomtemp,24.5,2026-02-22T10:11:23.709Z
sensor.mainesp_roomtemp,24.375,2026-02-22T10:11:53.703Z
sensor.mainesp_roomtemp,24.3125,2026-02-22T10:12:53.707Z
sensor.mainesp_roomtemp,24.375,2026-02-22T10:13:53.710Z
sensor.mainesp_roomtemp,24.5,2026-02-22T10:15:53.718Z
sensor.mainesp_roomtemp,24.4375,2026-02-22T10:16:53.723Z
sensor.mainesp_roomtemp,24.5,2026-02-22T10:17:23.732Z
sensor.mainesp_roomtemp,24.5625,2026-02-22T10:18:53.738Z
sensor.mainesp_roomtemp,24.4375,2026-02-22T10:19:23.739Z
sensor.mainesp_roomtemp,24.5,2026-02-22T10:19:53.735Z
sensor.mainesp_roomtemp,24.4375,2026-02-22T10:20:23.738Z
sensor.mainesp_roomtemp,24.5,2026-02-22T10:22:23.748Z
sensor.mainesp_roomtemp,24.4375,2026-02-22T10:22:53.749Z
sensor.mainesp_roomtemp,24.5,2026-02-22T10:23:23.754Z
sensor.mainesp_roomtemp,24.5625,2026-02-22T10:23:53.747Z
sensor.mainesp_roomtemp,24.5,2026-02-22T10:24:23.762Z
sensor.mainesp_roomtemp,24.4375,2026-02-22T10:24:53.755Z
sensor.mainesp_roomtemp,24.5,2026-02-22T10:25:23.755Z
sensor.mainesp_roomtemp,24.4375,2026-02-22T10:26:53.763Z
sensor.mainesp_roomtemp,24.5,2026-02-22T10:27:23.766Z
sensor.mainesp_roomtemp,24.5625,2026-02-22T10:30:23.781Z
sensor.mainesp_roomtemp,24.625,2026-02-22T10:31:23.785Z
sensor.mainesp_roomtemp,24.5625,2026-02-22T10:32:23.795Z
sensor.mainesp_roomtemp,24.625,2026-02-22T10:32:53.789Z
sensor.mainesp_roomtemp,24.5625,2026-02-22T10:33:53.795Z
sensor.mainesp_roomtemp,24.625,2026-02-22T10:34:23.797Z
sensor.mainesp_roomtemp,24.5625,2026-02-22T10:35:53.796Z
sensor.mainesp_roomtemp,24.625,2026-02-22T10:36:23.805Z
sensor.mainesp_roomtemp,24.5625,2026-02-22T10:36:53.811Z
sensor.mainesp_roomtemp,24.625,2026-02-22T10:38:23.817Z
sensor.mainesp_roomtemp,24.5625,2026-02-22T10:39:23.828Z
sensor.mainesp_roomtemp,24.625,2026-02-22T10:40:53.836Z
sensor.mainesp_roomtemp,24.6875,2026-02-22T10:41:53.838Z
sensor.mainesp_roomtemp,24.625,2026-02-22T10:42:23.834Z
sensor.mainesp_roomtemp,24.6875,2026-02-22T10:42:53.837Z
sensor.mainesp_roomtemp,24.625,2026-02-22T10:43:53.845Z
sensor.mainesp_roomtemp,24.6875,2026-02-22T10:44:23.842Z
sensor.mainesp_roomtemp,24.625,2026-02-22T10:45:23.853Z
sensor.mainesp_roomtemp,24.6875,2026-02-22T10:45:53.855Z
sensor.mainesp_roomtemp,24.625,2026-02-22T10:46:23.854Z
sensor.mainesp_roomtemp,24.6875,2026-02-22T10:47:53.856Z
sensor.mainesp_roomtemp,24.5625,2026-02-22T10:48:23.856Z
sensor.mainesp_roomtemp,24.5,2026-02-22T10:48:53.867Z
sensor.mainesp_roomtemp,24.4375,2026-02-22T10:49:23.860Z
sensor.mainesp_roomtemp,24.5625,2026-02-22T10:49:53.869Z
sensor.mainesp_roomtemp,24.6875,2026-02-22T10:50:53.876Z
sensor.mainesp_roomtemp,24.625,2026-02-22T10:52:23.877Z
sensor.mainesp_roomtemp,24.6875,2026-02-22T10:52:53.883Z
sensor.mainesp_roomtemp,24.75,2026-02-22T10:54:53.891Z
sensor.mainesp_roomtemp,24.6875,2026-02-22T10:55:23.871Z
sensor.mainesp_roomtemp,24.625,2026-02-22T10:56:23.899Z
sensor.mainesp_roomtemp,24.6875,2026-02-22T10:57:23.896Z
sensor.mainesp_roomtemp,24.625,2026-02-22T10:57:53.898Z
sensor.mainesp_roomtemp,24.5625,2026-02-22T10:58:23.899Z
sensor.mainesp_roomtemp,24.625,2026-02-22T10:58:53.904Z
sensor.mainesp_roomtemp,24.5625,2026-02-22T10:59:23.911Z
sensor.mainesp_roomtemp,24.625,2026-02-22T10:59:53.913Z
sensor.mainesp_roomtemp,24.5625,2026-02-22T11:02:53.921Z
sensor.mainesp_roomtemp,24.625,2026-02-22T11:03:53.928Z
sensor.mainesp_roomtemp,24.6875,2026-02-22T11:06:53.939Z
sensor.mainesp_roomtemp,24.625,2026-02-22T11:07:23.943Z
sensor.mainesp_roomtemp,24.6875,2026-02-22T11:07:53.943Z
sensor.mainesp_roomtemp,24.625,2026-02-22T11:08:53.946Z
sensor.mainesp_roomtemp,24.5625,2026-02-22T11:09:23.947Z
sensor.mainesp_roomtemp,24.625,2026-02-22T11:10:23.951Z
sensor.mainesp_roomtemp,24.5625,2026-02-22T11:10:53.958Z
sensor.mainesp_roomtemp,24.625,2026-02-22T11:13:53.964Z
sensor.mainesp_roomtemp,24.5625,2026-02-22T11:14:23.971Z
sensor.mainesp_roomtemp,24.625,2026-02-22T11:14:53.970Z
sensor.mainesp_roomtemp,24.5625,2026-02-22T11:15:53.973Z
sensor.mainesp_roomtemp,24.625,2026-02-22T11:16:23.974Z
sensor.mainesp_roomtemp,24.5625,2026-02-22T11:16:53.969Z
sensor.mainesp_roomtemp,24.625,2026-02-22T11:18:23.982Z
sensor.mainesp_roomtemp,24.5625,2026-02-22T11:18:53.981Z
sensor.mainesp_roomtemp,24.625,2026-02-22T11:19:23.990Z
sensor.mainesp_roomtemp,24.6875,2026-02-22T11:19:53.987Z
sensor.mainesp_roomtemp,24.625,2026-02-22T11:20:23.990Z
sensor.mainesp_roomtemp,24.6875,2026-02-22T11:20:53.982Z
sensor.mainesp_roomtemp,24.625,2026-02-22T11:21:53.997Z
sensor.mainesp_roomtemp,24.6875,2026-02-22T11:22:24.003Z
sensor.mainesp_roomtemp,24.625,2026-02-22T11:23:24.002Z
sensor.mainesp_roomtemp,24.6875,2026-02-22T11:23:54.005Z
sensor.mainesp_roomtemp,24.625,2026-02-22T11:25:54.014Z
sensor.mainesp_roomtemp,24.5625,2026-02-22T11:27:24.021Z
sensor.mainesp_roomtemp,24.5,2026-02-22T11:27:54.020Z
sensor.mainesp_roomtemp,24.625,2026-02-22T11:28:24.025Z
sensor.mainesp_roomtemp,24.6875,2026-02-22T11:28:54.032Z
sensor.mainesp_roomtemp,24.75,2026-02-22T11:29:24.016Z
sensor.mainesp_roomtemp,24.6875,2026-02-22T11:30:54.040Z
sensor.mainesp_roomtemp,24.75,2026-02-22T11:31:54.049Z
sensor.mainesp_roomtemp,24.6875,2026-02-22T11:32:54.051Z
sensor.mainesp_roomtemp,24.75,2026-02-22T11:35:54.066Z
sensor.mainesp_roomtemp,24.6875,2026-02-22T11:37:24.070Z
sensor.mainesp_roomtemp,24.75,2026-02-22T11:38:54.071Z
sensor.mainesp_roomtemp,24.8125,2026-02-22T11:40:24.076Z
sensor.mainesp_roomtemp,24.75,2026-02-22T11:43:24.092Z
sensor.mainesp_roomtemp,24.8125,2026-02-22T11:45:24.104Z
sensor.mainesp_roomtemp,24.75,2026-02-22T11:46:24.108Z
sensor.mainesp_roomtemp,24.8125,2026-02-22T11:46:54.104Z
sensor.mainesp_roomtemp,24.75,2026-02-22T11:47:24.112Z
sensor.mainesp_roomtemp,24.8125,2026-02-22T11:47:54.111Z
sensor.mainesp_roomtemp,24.875,2026-02-22T11:52:24.125Z
sensor.mainesp_roomtemp,24.8125,2026-02-22T11:52:54.128Z
sensor.mainesp_roomtemp,24.75,2026-02-22T11:57:54.146Z
sensor.mainesp_roomtemp,24.8125,2026-02-22T12:03:54.185Z
sensor.mainesp_roomtemp,24.75,2026-02-22T12:04:54.192Z
sensor.mainesp_roomtemp,24.8125,2026-02-22T12:07:54.198Z
sensor.mainesp_roomtemp,24.75,2026-02-22T12:08:54.209Z
sensor.mainesp_roomtemp,24.8125,2026-02-22T12:09:54.219Z
sensor.mainesp_roomtemp,24.75,2026-02-22T12:10:24.218Z
sensor.mainesp_roomtemp,24.8125,2026-02-22T12:12:24.228Z
sensor.mainesp_roomtemp,24.75,2026-02-22T12:12:54.237Z
sensor.mainesp_roomtemp,24.8125,2026-02-22T12:13:24.216Z
sensor.mainesp_roomtemp,24.75,2026-02-22T12:14:54.229Z
sensor.mainesp_roomtemp,24.8125,2026-02-22T12:15:24.257Z
sensor.mainesp_roomtemp,24.875,2026-02-22T12:16:54.264Z
sensor.mainesp_roomtemp,24.8125,2026-02-22T12:17:24.262Z
sensor.mainesp_roomtemp,24.75,2026-02-22T12:17:54.267Z
sensor.mainesp_roomtemp,24.8125,2026-02-22T12:18:24.265Z
sensor.mainesp_roomtemp,24.75,2026-02-22T12:20:24.272Z
sensor.mainesp_roomtemp,24.8125,2026-02-22T12:20:54.271Z
sensor.mainesp_roomtemp,24.75,2026-02-22T12:21:24.273Z
sensor.mainesp_roomtemp,24.8125,2026-02-22T12:21:54.278Z
sensor.mainesp_roomtemp,24.6875,2026-02-22T12:25:54.289Z
sensor.mainesp_roomtemp,24.5,2026-02-22T12:26:24.296Z
sensor.mainesp_roomtemp,24.25,2026-02-22T12:26:54.288Z
sensor.mainesp_roomtemp,24.3125,2026-02-22T12:27:24.296Z
sensor.mainesp_roomtemp,24.1875,2026-02-22T12:27:54.298Z
sensor.mainesp_roomtemp,24.0,2026-02-22T12:28:24.304Z
sensor.mainesp_roomtemp,23.8125,2026-02-22T12:28:54.302Z
sensor.mainesp_roomtemp,23.875,2026-02-22T12:29:24.308Z
sensor.mainesp_roomtemp,23.75,2026-02-22T12:29:54.302Z
sensor.mainesp_roomtemp,23.8125,2026-02-22T12:30:54.309Z
sensor.mainesp_roomtemp,23.6875,2026-02-22T12:31:24.310Z
sensor.mainesp_roomtemp,23.625,2026-02-22T12:31:54.310Z
sensor.mainesp_roomtemp,23.5625,2026-02-22T12:32:54.314Z
sensor.mainesp_roomtemp,23.5,2026-02-22T12:33:24.320Z
sensor.mainesp_roomtemp,23.4375,2026-02-22T12:33:54.320Z
sensor.mainesp_roomtemp,23.375,2026-02-22T12:34:24.323Z
sensor.mainesp_roomtemp,23.4375,2026-02-22T12:34:54.326Z
sensor.mainesp_roomtemp,23.25,2026-02-22T12:35:24.325Z
sensor.mainesp_roomtemp,23.125,2026-02-22T12:36:24.331Z
sensor.mainesp_roomtemp,23.0,2026-02-22T12:36:54.333Z
sensor.mainesp_roomtemp,22.875,2026-02-22T12:37:24.340Z
sensor.mainesp_roomtemp,22.8125,2026-02-22T12:38:24.340Z
sensor.mainesp_roomtemp,22.6875,2026-02-22T12:39:24.356Z
sensor.mainesp_roomtemp,22.875,2026-02-22T12:39:54.346Z
sensor.mainesp_roomtemp,22.6875,2026-02-22T12:41:24.356Z
sensor.mainesp_roomtemp,22.5625,2026-02-22T12:41:54.361Z
sensor.mainesp_roomtemp,22.5,2026-02-22T12:42:24.357Z
sensor.mainesp_roomtemp,22.625,2026-02-22T12:43:24.369Z
sensor.mainesp_roomtemp,22.6875,2026-02-22T12:43:54.359Z
sensor.mainesp_roomtemp,22.625,2026-02-22T12:45:24.378Z
sensor.mainesp_roomtemp,22.6875,2026-02-22T12:46:24.376Z
sensor.mainesp_roomtemp,22.75,2026-02-22T12:47:54.387Z
sensor.mainesp_roomtemp,22.625,2026-02-22T12:48:54.391Z
sensor.mainesp_roomtemp,22.6875,2026-02-22T12:49:24.397Z
sensor.mainesp_roomtemp,22.5,2026-02-22T12:51:24.408Z
sensor.mainesp_roomtemp,22.375,2026-02-22T12:53:24.407Z
sensor.mainesp_roomtemp,22.1875,2026-02-22T12:53:54.406Z
sensor.mainesp_roomtemp,22.25,2026-02-22T12:54:24.413Z
sensor.mainesp_roomtemp,22.375,2026-02-22T12:54:54.410Z
sensor.mainesp_roomtemp,22.4375,2026-02-22T12:55:24.420Z
sensor.mainesp_roomtemp,22.375,2026-02-22T12:55:54.415Z
sensor.mainesp_roomtemp,22.4375,2026-02-22T12:56:24.422Z
sensor.mainesp_roomtemp,22.3125,2026-02-22T12:56:54.417Z
sensor.mainesp_roomtemp,22.25,2026-02-22T12:57:24.420Z
sensor.mainesp_roomtemp,22.375,2026-02-22T12:58:24.425Z
sensor.mainesp_roomtemp,22.5,2026-02-22T12:58:54.425Z
sensor.mainesp_roomtemp,22.3125,2026-02-22T12:59:24.433Z
sensor.mainesp_roomtemp,22.1875,2026-02-22T12:59:54.428Z
sensor.mainesp_roomtemp,22.25,2026-02-22T13:00:24.438Z
sensor.mainesp_roomtemp,22.3125,2026-02-22T13:00:54.434Z
sensor.mainesp_roomtemp,22.375,2026-02-22T13:01:24.441Z
sensor.mainesp_roomtemp,22.5,2026-02-22T13:01:54.435Z
sensor.mainesp_roomtemp,22.5625,2026-02-22T13:02:54.438Z
sensor.mainesp_roomtemp,22.6875,2026-02-22T13:03:24.448Z
sensor.mainesp_roomtemp,22.75,2026-02-22T13:03:54.443Z
sensor.mainesp_roomtemp,22.8125,2026-02-22T13:04:24.451Z
sensor.mainesp_roomtemp,22.875,2026-02-22T13:04:54.447Z
sensor.mainesp_roomtemp,22.9375,2026-02-22T13:05:54.451Z
sensor.mainesp_roomtemp,23.0,2026-02-22T13:06:24.458Z
sensor.mainesp_roomtemp,23.0625,2026-02-22T13:06:54.454Z
sensor.mainesp_roomtemp,23.125,2026-02-22T13:07:24.464Z
sensor.mainesp_roomtemp,23.1875,2026-02-22T13:08:24.468Z
sensor.mainesp_roomtemp,23.25,2026-02-22T13:09:24.473Z
sensor.mainesp_roomtemp,23.3125,2026-02-22T13:10:54.477Z
sensor.mainesp_roomtemp,23.375,2026-02-22T13:13:54.487Z
sensor.mainesp_roomtemp,23.4375,2026-02-22T13:14:24.493Z
sensor.mainesp_roomtemp,23.375,2026-02-22T13:14:54.496Z
sensor.mainesp_roomtemp,23.4375,2026-02-22T13:15:24.497Z
sensor.mainesp_roomtemp,23.5,2026-02-22T13:18:24.509Z
sensor.mainesp_roomtemp,23.5625,2026-02-22T13:20:54.515Z
sensor.mainesp_roomtemp,23.625,2026-02-22T13:25:54.549Z
sensor.mainesp_roomtemp,23.5625,2026-02-22T13:26:24.552Z
sensor.mainesp_roomtemp,23.625,2026-02-22T13:28:24.560Z
sensor.mainesp_roomtemp,23.6875,2026-02-22T13:30:54.575Z
sensor.mainesp_roomtemp,23.5625,2026-02-22T13:31:24.576Z
sensor.mainesp_roomtemp,23.625,2026-02-22T13:32:24.590Z
sensor.mainesp_roomtemp,23.6875,2026-02-22T13:36:24.599Z
sensor.mainesp_roomtemp,23.625,2026-02-22T13:36:54.604Z
sensor.mainesp_roomtemp,23.6875,2026-02-22T13:37:24.600Z
sensor.mainesp_roomtemp,23.75,2026-02-22T13:40:54.621Z
sensor.mainesp_roomtemp,23.8125,2026-02-22T13:42:54.629Z
sensor.mainesp_roomtemp,23.75,2026-02-22T13:43:24.625Z
sensor.mainesp_roomtemp,23.8125,2026-02-22T13:44:54.636Z
sensor.mainesp_roomtemp,23.875,2026-02-22T13:47:54.646Z
sensor.mainesp_roomtemp,23.8125,2026-02-22T13:48:24.655Z
sensor.mainesp_roomtemp,23.875,2026-02-22T13:48:54.655Z
sensor.mainesp_roomtemp,23.9375,2026-02-22T13:55:24.675Z
sensor.mainesp_roomtemp,23.875,2026-02-22T13:56:24.685Z
sensor.mainesp_roomtemp,23.9375,2026-02-22T13:56:54.677Z
sensor.mainesp_roomtemp,24.0,2026-02-22T14:02:54.717Z
sensor.mainesp_roomtemp,23.9375,2026-02-22T14:03:24.718Z
sensor.mainesp_roomtemp,24.0,2026-02-22T14:03:54.726Z
sensor.mainesp_roomtemp,23.9375,2026-02-22T14:07:54.743Z
sensor.mainesp_roomtemp,24.0,2026-02-22T14:08:24.738Z
sensor.mainesp_roomtemp,24.0625,2026-02-22T14:10:54.747Z
